{
  "format_version": "1.26.0",
  "minecraft:lighting_settings": {
    "description": {
      "identifier": "minecraft:default_lighting"
    },
    "directional_lights": {
      "orbital": {
        "sun": {
          "illuminance": {
            "0.282000": 1,
            "0.000000": 100,
            "0.292000": 0,
            "0.050000": 100,
            "0.291500": 0.009999999776482582,
            "0.709000": 0,
            "0.719000": 1,
            "0.950000": 100,
            "1.000000": 100
          },
          "color": {
            "0.1431410140562873": [210, 82, 255],
            "0.216944": [147, 82, 255],
            "0.22826069716317296": [178, 79, 235],
            "0.2624251352975895": [128, 0, 255],
            "0.3061626595738071": [219, 153, 255],
            "0.5149102433368539": [143, 0, 255],
            "0.7137175527460238": [179, 133, 255],
            "0.7970586322954963": [156, 44, 203],
            "0.9940355426037525": [255, 227, 215]
          }
        },
        "moon": {
          "illuminance": {
            "0.750000": 0,
            "0.000000": 0,
            "0.200000": 0,
            "1.000000": 0,
            "0.225000": 0.4000000059604645,
            "0.735000": 0.4000000059604645
          },
          "color": {
            "0.000000": [163, 182, 255],
            "1.000000": [163, 182, 255]
          }
        },
        "orbital_offset_degrees": {
          "0": 0
        }
      },
      "flash": {
        "color": [228, 93, 255],
        "illuminance": 10
      }
    },
    "emissive": {
      "desaturation": 0
    },
    "ambient": {
      "color": {
        "0": [213, 170, 245]
      },
      "illuminance": {
        "0.32949622723696054": 2.9555596245659728
      }
    },
    "sky": {
      "intensity": {
        "0.4115106157261692": 0.8999999985098833
      }
    }
  }
}
