{
  "format_version": "1.21.40",
  "minecraft:atmosphere_settings": {
    "description": {
      "identifier": "minecraft:default_atmospherics"
    },
    "sky_zenith_color": {
      "0": [147, 102, 171],
      "0.199685": [139, 102, 171],
      "0.35256": [158, 101, 232],
      "0.6403059444256218": [119, 60, 190],
      "0.800315": [141, 102, 171]
    },
    "sky_horizon_color": {
      "0": [183, 189, 198],
      "0.167053": [183, 189, 198],
      "0.21301000854990434": [221, 152, 236],
      "0.239274": [213, 163, 255],
      "0.276382": [136, 108, 108],
      "0.34821407722815695": [153, 120, 235],
      "0.4005100994300064": [124, 48, 200],
      "0.616996": [83, 117, 157],
      "0.654508": [144, 144, 238],
      "0.7155611566984216": [207, 186, 237],
      "0.7484039469866071": [222, 179, 255],
      "0.7844385482003348": [222, 191, 227],
      "0.830049": [183, 189, 198]
    },
    "rayleigh_strength": {
      "0": 10,
      "1": 10,
      "0.138743": 10,
      "0.23724474225725437": 6.666680230034722,
      "0.330402": 5,
      "0.640704": 5,
      "0.717412": 5,
      "0.92931": 10
    },
    "sun_mie_strength": {
      "0": 0,
      "1": 0,
      "0.2": 0,
      "0.2653059667470502": 2.400016276041667,
      "0.4": 0,
      "0.6": 0,
      "0.75": 0.75,
      "0.8": 0
    },
    "moon_mie_strength": {
      "0.000000": 0,
      "1.000000": 0
    },
    "sun_glare_shape": {
      "0": 0,
      "1": 0,
      "0.18112223099689095": 2.5555555555555496,
      "0.26785698715521367": 1.888901794122325,
      "0.4005100795200893": 0.4444444444444444,
      "0.6": 0,
      "0.75": 0.05000000074505806,
      "0.8": 0
    },
    "horizon_blend_stops": {
      "min": {
        "0.000000": 0,
        "1.000000": 0
      },
      "start": {
        "0.750000": 0.25,
        "0.000000": 0.800000011920929,
        "0.827004": 0.5,
        "0.250000": 0.5,
        "0.300912": 0.25,
        "1.000000": 0.800000011920929
      },
      "mie_start": {
        "0.800000": 1,
        "0.000000": 0.5,
        "0.900000": 0.5,
        "0.100000": 0.5,
        "0.200000": 1,
        "1.000000": 0.5
      },
      "max": {
        "0.000000": 0.25,
        "1.000000": 0.25
      }
    }
  }
}
