{
	"format_version": "1.8.0",
	"animations": {
		"animation.naker_hotu.guide_skint_active.spawn": {
			"animation_length": 0.5,
			"bones": {
				"bone": {
					"position": {
						"0.2": [0, -26, 0],
						"0.3": [0, -19.25911, 0],
						"0.4": [0, -6.74089, 0],
						"0.5": [0, 0, 0]
					},
					"scale": {
						"0.0": [0.9, 0.9, 0.9],
						"0.1": [0.9143, 0.9143, 0.9143],
						"0.4": [0.9857, 0.9857, 0.9857],
						"0.5": [1, 1, 1]
					}
				},
				"bone1": {
					"rotation": {
						"0.2": [0, 0, -12.5],
						"0.3": [0, 0, -9.25919],
						"0.4": [0, 0, -3.24081],
						"0.5": [0, 0, 0]
					},
					"position": {
						"0.0": [0, -11, 0],
						"0.1": [0, -9.42713, 0],
						"0.2": [0, -6.86853, 0],
						"0.3": [0, -4.13147, 0],
						"0.4": [0, -1.57287, 0],
						"0.5": [0, 0, 0]
					}
				},
				"bone2": {
					"rotation": {
						"0.2": [0, 0, 20],
						"0.3": [0, 0, 14.8147],
						"0.4": [0, 0, 5.1853],
						"0.5": [0, 0, 0]
					},
					"position": {
						"0.0": [0, -14, 0],
						"0.1": [0, -11.99817, 0],
						"0.2": [0, -8.74177, 0],
						"0.3": [0, -5.25823, 0],
						"0.4": [0, -2.00183, 0],
						"0.5": [0, 0, 0]
					}
				},
				"bone3": {
					"rotation": {
						"0.2": [12.5, 0, 0],
						"0.3": [9.25919, 0, 0],
						"0.4": [3.24081, 0, 0],
						"0.5": [0, 0, 0]
					},
					"position": {
						"0.0": [0, -7, 0],
						"0.1": [0, -5.99909, 0],
						"0.2": [0, -4.37088, 0],
						"0.3": [0, -2.62912, 0],
						"0.4": [0, -1.00091, 0],
						"0.5": [0, 0, 0]
					}
				},
				"bone4": {
					"rotation": {
						"0.2": [17.5, 0, 0],
						"0.3": [12.96287, 0, 0],
						"0.4": [4.53713, 0, 0],
						"0.5": [0, 0, 0]
					},
					"position": {
						"0.0": [0, -8, 0],
						"0.1": [0, -6.8561, 0],
						"0.2": [0, -4.9953, 0],
						"0.3": [0, -3.0047, 0],
						"0.4": [0, -1.1439, 0],
						"0.5": [0, 0, 0]
					}
				},
				"bone5": {
					"rotation": {
						"0.2": [15, 0, 0],
						"0.3": [11.11103, 0, 0],
						"0.4": [3.88897, 0, 0],
						"0.5": [0, 0, 0]
					},
					"position": {
						"0.0": [0, -7, 0],
						"0.1": [0, -5.99909, 0],
						"0.2": [0, -4.37088, 0],
						"0.3": [0, -2.62912, 0],
						"0.4": [0, -1.00091, 0],
						"0.5": [0, 0, 0]
					}
				},
				"bone6": {
					"rotation": {
						"0.2": [17.5, 0, 0],
						"0.3": [12.96287, 0, 0],
						"0.4": [4.53713, 0, 0],
						"0.5": [0, 0, 0]
					},
					"position": {
						"0.0": [0, -12, 0],
						"0.1": [0, -10.28415, 0],
						"0.2": [0, -7.49294, 0],
						"0.3": [0, -4.50706, 0],
						"0.4": [0, -1.71585, 0],
						"0.5": [0, 0, 0]
					}
				},
				"bone8": {
					"rotation": {
						"0.2": [-22.5, 0, 0],
						"0.3": [-16.66654, 0, 0],
						"0.4": [-5.83346, 0, 0],
						"0.5": [0, 0, 0]
					},
					"position": {
						"0.0": [0, -10, 0],
						"0.1": [0, -8.57012, 0],
						"0.2": [0, -6.24412, 0],
						"0.3": [0, -3.75588, 0],
						"0.4": [0, -1.42988, 0],
						"0.5": [0, 0, 0]
					}
				},
				"bone9": {
					"rotation": {
						"0.2": [-22.5, 0, 0],
						"0.3": [-16.66654, 0, 0],
						"0.4": [-5.83346, 0, 0],
						"0.5": [0, 0, 0]
					},
					"position": {
						"0.0": [0, -10, 0],
						"0.1": [0, -8.57012, 0],
						"0.2": [0, -6.24412, 0],
						"0.3": [0, -3.75588, 0],
						"0.4": [0, -1.42988, 0],
						"0.5": [0, 0, 0]
					}
				},
				"bone7": {
					"rotation": {
						"0.2": [0, 0, -17.5],
						"0.3": [0, 0, -12.96287],
						"0.4": [0, 0, -4.53713],
						"0.5": [0, 0, 0]
					},
					"position": {
						"0.0": [0, -9, 0],
						"0.1": [0, -7.71311, 0],
						"0.2": [0, -5.61971, 0],
						"0.3": [0, -3.38029, 0],
						"0.4": [0, -1.28689, 0],
						"0.5": [0, 0, 0]
					}
				}
			}
		}
	}
}